Order,Type,ID,Block,AccInc,AccTemp,Stage,Mass,PerfRound,PrevTemp,PerfTemp,PerfInc,TimeStart,O2Start,AvgO2Start,TempStart,TimeStop,O2Stop,TempStop,Time,O2,O2/Time,O2/Time/Mass,corO2/Time/Mass
1,tad,T2,1,1,22,30,1.047,1,22,13,P29,10:44,,10.66333333,,11:36,10.52,11.7,52,0.143333333,0.00275641,0.002632675,0.001500625
2,tad,T12,1,2,28,25,0.305,1,28,13,P29,10:49,,10.66333333,,11:41,10.64,11.4,52,0.023333333,0.000448718,0.001471206,0.000838587
3,tad,T54,1,7,13,25,0.285,1,13,13,P29,10:54,,10.66333333,,11:44,10.66,11.4,50,0.003333333,6.67E-05,0.000233918,0.000133333
4,control,C2,1,NA,NA,NA,NA,1,NA,13,P29,10:48,10.63,10.66333333,11.4,11:39,10.67,11.6,51,-0.006666667,-0.000130719,,
5,control,C12,1,NA,NA,NA,NA,1,NA,13,P29,10:53,10.68,10.66333333,11.3,11:43,10.66,11.5,50,0.003333333,6.67E-05,,
6,control,C54,1,NA,NA,NA,NA,1,NA,13,P29,10:56,10.68,10.66333333,11.3,11:46,10.68,11.4,50,-0.016666667,-0.000333333,,
7,tad,T7,1,1,22,26,0.783,1,22,16,P31,12:08,,9.663333333,,13:04,9.61,14.4,56,0.053333333,0.000952381,0.001216323,0.000693304
8,tad,T11,1,2,28,26,0.36,1,28,16,P31,12:13,,9.663333333,,13:07,9.61,14.5,54,0.053333333,0.000987654,0.002743484,0.001563786
9,tad,T55,1,7,13,26,0.486,1,13,16,P31,12:17,,9.663333333,,13:10,9.62,14.5,53,0.043333333,0.00081761,0.001682325,0.000958925
10,control,C7,1,NA,NA,NA,NA,1,NA,16,P31,12:10,9.65,9.663333333,14.4,13:06,9.67,14.3,56,-0.006666667,-0.000119048,,
11,control,C11,1,NA,NA,NA,NA,1,NA,16,P31,12:15,9.67,9.663333333,14.4,13:09,9.66,14.4,54,0.003333333,6.17E-05,,
12,control,C55,1,NA,NA,NA,NA,1,NA,16,P31,12:19,9.67,9.663333333,14.3,13:11,9.67,14.4,52,-0.006666667,-0.000128205,,
13,tad,T5,1,1,22,26,0.621,1,22,19,P32,12:22,,9.083333333,,13:13,9.03,17.5,51,0.053333333,0.001045752,0.00168398,0.000959869
14,tad,T10,1,2,28,26,0.491,1,28,19,P32,12:27,,9.083333333,,13:17,9,17.7,50,0.083333333,0.001666667,0.003394433,0.001934827
15,tad,T52,1,7,13,26,0.987,1,13,19,P32,12:32,,9.083333333,,13:22,8.92,17.6,50,0.163333333,0.003266667,0.003309693,0.001886525
16,control,C5,1,NA,NA,NA,NA,1,NA,19,P32,12:25,9.1,9.083333333,17.5,13:15,9.05,17.5,50,0.033333333,0.000666667,,
17,control,C10,1,NA,NA,NA,NA,1,NA,19,P32,12:29,9.08,9.083333333,17.2,13:19,9.09,17.6,50,-0.006666667,-0.000133333,,
18,control,C52,1,NA,NA,NA,NA,1,NA,19,P32,12:35,9.07,9.083333333,17.2,13:25,9.05,17.4,50,0.033333333,0.000666667,,
19,tad,T8,1,1,22,27,1.185,1,22,22,P27,9:22,,8.466666667,,10:12,8.32,20.9,50,0.146666667,0.002933333,0.002475387,0.001410971
20,tad,T13,1,2,28,27,1.876,1,28,22,P27,9:28,,8.466666667,,10:19,8.36,21.1,51,0.106666667,0.002091503,0.001114874,0.000635478
21,tad,T56,1,7,13,27,1.122,1,13,22,P27,9:32,,8.466666667,,10:22,8.28,21,50,0.186666667,0.003733333,0.003327392,0.001896613
22,control,C8,1,NA,NA,NA,NA,1,NA,22,P27,9:27,8.46,8.466666667,,10:17,8.46,21,50,0.006666667,0.000133333,,
23,control,C13,1,NA,NA,NA,NA,1,NA,22,P27,9:31,8.48,8.466666667,,10:21,8.45,21.2,50,0.016666667,0.000333333,,
24,control,C56,1,NA,NA,NA,NA,1,NA,22,P27,9:38,8.46,8.466666667,,10:25,8.46,20.9,47,0.006666667,0.000141844,,
25,tad,T4,1,1,22,26,1.202,1,22,25,P25,8:48,,8.076666667,,9:38,7.88,,50,0.196666667,0.003933333,0.003272324,0.001865225
26,tad,T9,1,2,28,34,0.97,1,28,25,P25,8:53,,8.076666667,,9:43,7.86,,50,0.216666667,0.004333333,0.004467354,0.002546392
27,tad,T49,1,7,13,26,0.663,1,13,25,P25,8:59,,8.076666667,,9:48,7.84,,49,0.236666667,0.004829932,0.007284965,0.00415243
28,control,C4,1,NA,NA,NA,NA,1,NA,25,P25,8:50,8.14,8.076666667,,9:40,8.06,,50,0.016666667,0.000333333,,
29,control,C9,1,NA,NA,NA,NA,1,NA,25,P25,8:57,8.05,8.076666667,,9:46,7.99,,49,0.086666667,0.001768707,,
30,control,C49,1,NA,NA,NA,NA,1,NA,25,P25,9:04,8.04,8.076666667,,9:53,7.98,24.4,49,0.096666667,0.001972789,,
31,tad,T6,1,1,22,28,1.205,1,22,28,P30,10:59,,7.53,,11:49,7.16,26.4,50,0.37,0.0074,0.006141079,0.003500415
32,tad,T15,1,2,28,26,0.489,1,28,28,P30,11:04,,7.53,,11:54,7.37,26.8,50,0.16,0.0032,0.006543967,0.003730061
33,tad,T50,1,7,13,26,0.456,1,13,28,P30,11:09,,7.53,,12:00,7.32,26.6,51,0.21,0.004117647,0.009029928,0.005147059
34,control,C6,1,NA,NA,NA,NA,1,NA,28,P30,11:03,7.56,7.53,26.9,11:53,7.46,26,50,0.07,0.0014,,
35,control,C15,1,NA,NA,NA,NA,1,NA,28,P30,11:08,7.53,7.53,26.9,11:58,7.41,26.6,50,0.12,0.0024,,
36,control,C50,1,NA,NA,NA,NA,1,NA,28,P30,11:12,7.5,7.53,26.7,12:02,7.43,26.6,50,0.1,0.002,,
37,tad,T3,1,1,22,26,0.871,1,22,31,P26,9:05,,7.446666667,,9:54,7.17,27.3,49,0.276666667,0.005646259,0.006482501,0.003695026
38,tad,T14,1,2,28,26,0.611,1,28,31,P26,9:11,,7.446666667,,10:01,7.18,28.1,50,0.266666667,0.005333333,0.00872886,0.00497545
39,tad,T53,1,7,13,27,0.937,1,13,31,P26,9:16,,7.446666667,,10:07,7.23,28.2,51,0.216666667,0.004248366,0.004534009,0.002584385
40,control,C3,1,NA,NA,NA,NA,1,NA,31,P26,9:09,7.47,7.446666667,,9:59,7.41,27.1,50,0.036666667,0.000733333,,
41,control,C14,1,NA,NA,NA,NA,1,NA,31,P26,9:15,7.43,7.446666667,,10:05,7.38,27.9,50,0.066666667,0.001333333,,
42,control,C53,1,NA,NA,NA,NA,1,NA,31,P26,9:20,7.44,7.446666667,,10:10,7.37,27.8,50,0.076666667,0.001533333,,
43,tad,T1,1,1,22,28,0.838,1,22,34,P28,10:29,,6.753333333,,11:23,6.55,30.2,54,0.203333333,0.003765432,0.004493356,0.002561213
44,tad,T16,1,2,28,27,0.576,1,28,34,P28,10:34,,6.753333333,,11:28,6.47,30.8,54,0.283333333,0.005246914,0.009109225,0.005192258
45,tad,T51,1,7,13,26,0.763,1,13,34,P28,10:39,,6.753333333,,11:32,6.49,32.7,53,0.263333333,0.004968553,0.006511866,0.003711764
46,control,C1,1,NA,NA,NA,NA,1,NA,34,P28,10:31,6.81,6.753333333,32.4,11:25,6.68,31,54,0.073333333,0.001358025,,
47,control,C16,1,NA,NA,NA,NA,1,NA,34,P28,10:38,6.76,6.753333333,33.4,11:30,6.53,32.4,52,0.223333333,0.004294872,,
48,control,C51,1,NA,NA,NA,NA,1,NA,34,P28,10:43,6.69,6.753333333,34.4,11:34,6.6,32.4,51,0.153333333,0.003006536,,
49,tad,T17,2,3,22,27,1.126,1,22,13,P29,9:56,,10.56666667,,10:47,10.44,11.6,51,0.126666667,0.00248366,0.002205737,0.00125727
50,tad,T28,2,4,28,28,0.775,1,28,13,P29,10:00,,10.56666667,,10:51,10.54,11.4,51,0.026666667,0.000522876,0.000674678,0.000384566
51,tad,T61,2,8,13,28,0.987,1,13,13,P29,10:03,,10.56666667,,10:55,10.52,11.3,52,0.046666667,0.000897436,0.000909256,0.000518276
52,control,C17,2,NA,NA,NA,NA,1,NA,13,P29,9:58,10.52,10.56666667,11.9,10:49,10.56,11.7,51,0.006666667,0.000130719,,
53,control,C28,2,NA,NA,NA,NA,1,NA,13,P29,10:01,10.59,10.56666667,11.8,10:52,10.59,11.5,51,-0.023333333,-0.000457516,,
54,control,C61,2,NA,NA,NA,NA,1,NA,13,P29,10:04,10.59,10.56666667,11.8,10:57,10.58,11.4,53,-0.013333333,-0.000251572,,
55,tad,T21,2,3,22,27,0.419,1,22,16,P31,10:19,,9.736666667,,11:07,9.65,15.2,48,0.086666667,0.001805556,0.004309202,0.002456245
56,tad,T25,2,4,28,27,0.796,1,28,16,P31,10:23,,9.736666667,,11:10,9.65,15.4,47,0.086666667,0.001843972,0.002316547,0.001320432
57,tad,T58,2,8,13,28,0.545,1,13,16,P31,10:25,,9.736666667,,11:13,9.67,15.4,48,0.066666667,0.001388889,0.00254842,0.001452599
58,control,C21,2,NA,NA,NA,NA,1,NA,16,P31,10:20,9.7,9.736666667,15.6,11:09,9.71,15.2,49,0.026666667,0.000544218,,
59,control,C25,2,NA,NA,NA,NA,1,NA,16,P31,10:24,9.75,9.736666667,15.6,11:11,9.74,15.3,47,-0.003333333,-7.09E-05,,
60,control,C58,2,NA,NA,NA,NA,1,NA,16,P31,10:26,9.76,9.736666667,15.5,11:14,9.72,15.3,48,0.016666667,0.000347222,,
61,tad,T18,2,3,22,26,0.613,1,22,19,P32,10:28,,9.053333333,,11:18,8.98,17.7,50,0.073333333,0.001466667,0.002392605,0.001363785
62,tad,T27,2,4,28,26,0.299,1,28,19,P32,10:30,,9.053333333,,11:21,8.98,17.9,51,0.073333333,0.001437908,0.004809059,0.002741164
63,tad,T59,2,8,13,27,0.605,1,13,19,P32,10:33,,9.053333333,,11:23,8.95,18.1,50,0.103333333,0.002066667,0.003415978,0.001947107
64,control,C18,2,NA,NA,NA,NA,1,NA,19,P32,10:28,9.04,9.053333333,17.8,11:20,9.01,17.8,52,0.043333333,0.000833333,,
65,control,C27,2,NA,NA,NA,NA,1,NA,19,P32,10:31,9.07,9.053333333,17.7,11:22,9.01,18,51,0.043333333,0.000849673,,
66,control,C59,2,NA,NA,NA,NA,1,NA,19,P32,10:34,9.05,9.053333333,17.6,11:24,8.99,17.9,50,0.063333333,0.001266667,,
67,tad,T19,2,3,22,29,0.982,1,22,22,P27,8:50,,8.503333333,,9:41,8.3,20.8,51,0.203333333,0.003986928,0.004060008,0.002314205
68,tad,T32,2,4,28,26,0.305,1,28,22,P27,8:52,,8.503333333,,9:43,8.38,21.2,51,0.123333333,0.002418301,0.007928855,0.004519447
69,tad,T64,2,8,13,26,0.592,1,13,22,P27,8:54,,8.503333333,,9:46,8.37,21.1,52,0.133333333,0.002564103,0.004331254,0.002468815
70,control,C19,2,NA,NA,NA,NA,1,NA,22,P27,8:51,8.46,8.503333333,21.5,9:42,8.46,20.9,51,0.043333333,0.000849673,,
71,control,C32,2,NA,NA,NA,NA,1,NA,22,P27,8:53,8.52,8.503333333,21.6,9:45,8.47,21.3,52,0.033333333,0.000641026,,
72,control,C64,2,NA,NA,NA,NA,1,NA,22,P27,8:55,8.53,8.503333333,21.4,9:47,8.44,21.1,52,0.063333333,0.001217949,,
73,tad,T23,2,3,22,28,0.945,1,22,25,P25,8:32,,8.38,,9:22,8.15,23.1,50,0.23,0.0046,0.004867725,0.002774603
74,tad,T26,2,4,28,30,1.094,1,28,25,P25,8:35,,8.38,,9:25,8.06,23.9,50,0.32,0.0064,0.005850091,0.003334552
75,tad,T60,2,8,13,26,1.262,1,13,25,P25,8:38,,8.38,,9:28,8.02,24.6,50,0.36,0.0072,0.00570523,0.003251981
76,control,C23,2,NA,NA,NA,NA,1,NA,25,P25,8:33,8.41,8.38,22.8,9:24,8.28,23.2,51,0.1,0.001960784,,
77,control,C26,2,NA,NA,NA,NA,1,NA,25,P25,8:36,8.38,8.38,23.4,9:27,8.23,24.3,51,0.15,0.002941176,,
78,control,C60,2,NA,NA,NA,NA,1,NA,25,P25,8:39,8.35,8.38,23.6,9:29,8.21,24.4,50,0.17,0.0034,,
79,tad,T24,2,3,22,26,0.35,1,22,28,P30,10:05,,7.58,,10:58,7.36,26.7,53,0.22,0.004150943,0.011859838,0.006760108
80,tad,T29,2,4,28,27,0.519,1,28,28,P30,10:08,,7.58,,11:02,7.28,27.7,54,0.3,0.005555556,0.010704346,0.006101477
81,tad,T57,2,8,13,27,0.842,1,13,28,P30,10:11,,7.58,,11:05,7.36,27.1,54,0.22,0.004074074,0.004838568,0.002757984
82,control,C24,2,NA,NA,NA,NA,1,NA,28,P30,10:06,7.56,7.58,27.3,11:00,7.4,26.4,54,0.18,0.003333333,,
83,control,C29,2,NA,NA,NA,NA,1,NA,28,P30,10:09,7.47,7.58,27.8,11:03,7.38,27.8,54,0.2,0.003703704,,
84,control,C57,2,NA,NA,NA,NA,1,NA,28,P30,10:12,7.71,7.58,26.4,11:06,7.64,26.9,54,-0.06,-0.001111111,,
85,tad,T22,2,3,22,27,0.583,1,22,31,P26,8:41,,7.11,,9:31,6.85,28.2,50,0.26,0.0052,0.008919383,0.005084048
86,tad,T31,2,4,28,33,1.401,1,28,31,P26,8:44,,7.11,,9:34,6.76,28.7,50,0.35,0.007,0.004996431,0.002847966
87,tad,T63,2,8,13,26,0.656,1,13,31,P26,8:47,,7.11,,9:37,6.72,29.2,50,0.39,0.0078,0.011890244,0.006777439
88,control,C22,2,NA,NA,NA,NA,1,NA,31,P26,8:42,7.12,7.11,28.2,9:32,7.05,27.7,50,0.06,0.0012,,
89,control,C31,2,NA,NA,NA,NA,1,NA,31,P26,8:45,7.1,7.11,29,9:35,6.96,28.8,50,0.15,0.003,,
90,control,C63,2,NA,NA,NA,NA,1,NA,31,P26,8:47,7.11,7.11,28.9,9:39,6.94,28.7,52,0.17,0.003269231,,
91,tad,T20,2,3,22,30,1.14,1,22,34,P28,8:57,,7.373333333,,9:48,7.01,30,51,0.363333333,0.007124183,0.006249283,0.003562091
92,tad,T30,2,4,28,26,0.567,1,28,34,P28,9:00,,7.373333333,,9:51,7.21,30.7,51,0.163333333,0.003202614,0.00564835,0.00321956
93,tad,T62,2,8,13,27,1.161,1,13,34,P28,9:03,,7.373333333,,9:53,6.91,30.4,50,0.463333333,0.009266667,0.007981625,0.004549526
94,control,C20,2,NA,NA,NA,NA,1,NA,34,P28,8:58,7.39,7.373333333,30.7,9:50,7.33,29.9,52,0.043333333,0.000833333,,
95,control,C30,2,NA,NA,NA,NA,1,NA,34,P28,9:01,7.37,7.373333333,30.7,9:52,7.36,30.5,51,0.013333333,0.000261438,,
96,control,C62,2,NA,NA,NA,NA,1,NA,34,P28,9:04,7.36,7.373333333,30.7,9:54,7.31,30.5,50,0.063333333,0.001266667,,
97,tad,T39,3,5,22,27,0.469,1,22,13,P29,10:06,,10.50666667,,10:59,10.49,11.7,53,0.016666667,0.000314465,0.000670502,0.000382186
98,tad,T42,3,6,28,28,0.897,1,28,13,P29,10:10,,10.50666667,,11:04,10.44,11.7,54,0.066666667,0.001234568,0.00137633,0.000784508
99,tad,T66,3,9,13,26,0.834,1,13,13,P29,10:13,,10.50666667,,11:06,10.42,11.7,53,0.086666667,0.00163522,0.001960696,0.001117597
100,control,C39,3,NA,NA,NA,NA,1,NA,13,P29,10:07,10.5,10.50666667,11.9,11:03,10.49,11.8,56,0.016666667,0.000297619,,
101,control,C42,3,NA,NA,NA,NA,1,NA,13,P29,10:11,10.51,10.50666667,11.8,11:05,10.48,11.7,54,0.026666667,0.000493827,,
102,control,C66,3,NA,NA,NA,NA,1,NA,13,P29,10:14,10.51,10.50666667,11.8,11:07,10.48,11.6,53,0.026666667,0.000503145,,
103,tad,T37,3,5,22,30,0.872,1,22,16,P31,10:25,,9.613333333,,11:17,9.39,16.4,52,0.223333333,0.004294872,0.004925312,0.002807428
104,tad,T47,3,6,28,27,0.643,1,28,16,P31,10:28,,9.613333333,,11:20,9.54,16.4,52,0.073333333,0.001410256,0.002193245,0.00125015
105,tad,T67,3,9,13,26,0.602,1,13,16,P31,10:30,,9.613333333,,11:22,9.54,16.5,52,0.073333333,0.001410256,0.002342619,0.001335293
106,control,C37,3,NA,NA,NA,NA,1,NA,16,P31,10:25,9.61,9.613333333,17,11:19,9.57,16.3,54,0.043333333,0.000802469,,
107,control,C47,3,NA,NA,NA,NA,1,NA,16,P31,10:29,9.63,9.613333333,17.1,11:21,9.6,16.4,52,0.013333333,0.00025641,,
108,control,C67,3,NA,NA,NA,NA,1,NA,16,P31,10:31,9.6,9.613333333,17.1,11:23,9.59,16.4,52,0.023333333,0.000448718,,
109,tad,T40,3,5,22,27,0.771,1,22,19,P32,10:34,,9.033333333,,11:24,8.91,17.8,50,0.123333333,0.002466667,0.003199308,0.001823606
110,tad,T44,3,6,28,29,0.823,1,28,19,P32,10:37,,9.033333333,,11:27,8.89,18.2,50,0.143333333,0.002866667,0.003483192,0.001985419
111,tad,T70,3,9,13,27,0.393,1,13,19,P32,10:39,,9.033333333,,11:29,8.93,18,50,0.103333333,0.002066667,0.005258694,0.002997456
112,control,C40,3,NA,NA,NA,NA,1,NA,19,P32,10:35,9.05,9.033333333,18,11:25,8.99,17.8,50,0.043333333,0.000866667,,
113,control,C44,3,NA,NA,NA,NA,1,NA,19,P32,10:37,9.03,9.033333333,18,11:28,8.98,18.2,51,0.053333333,0.001045752,,
114,control,C70,3,NA,NA,NA,NA,1,NA,19,P32,10:39,9.02,9.033333333,17.9,11:30,8.97,18,51,0.063333333,0.00124183,,
115,tad,T35,3,5,22,27,0.447,1,22,22,P27,9:01,,8.56,,9:51,8.43,20.7,50,0.13,0.0026,0.005816555,0.003315436
116,tad,T46,3,6,28,28,0.956,1,28,22,P27,9:03,,8.56,,9:54,8.44,20.7,51,0.12,0.002352941,0.002461236,0.001402905
117,tad,T69,3,9,13,26,1.073,1,13,22,P27,9:05,,8.56,,9:56,8.39,20.5,51,0.17,0.003333333,0.003106555,0.001770736
118,control,C35,3,NA,NA,NA,NA,1,NA,22,P27,9:01,8.53,8.56,20.8,9:53,8.53,20.5,52,0.03,0.000576923,,
119,control,C46,3,NA,NA,NA,NA,1,NA,22,P27,9:04,8.57,8.56,20.8,9:55,8.54,20.6,51,0.02,0.000392157,,
120,control,C69,3,NA,NA,NA,NA,1,NA,22,P27,9:06,8.58,8.56,20.9,9:57,8.55,20.6,51,0.01,0.000196078,,
121,tad,T33,3,5,22,30,0.892,1,22,25,P25,8:42,,8.226666667,,9:34,7.97,22.7,52,0.256666667,0.004935897,0.005533517,0.003154105
122,tad,T45,3,6,28,26,0.52,1,28,25,P25,8:45,,8.226666667,,9:37,8.05,23.7,52,0.176666667,0.003397436,0.006533531,0.003724113
123,tad,T65,3,9,13,25,0.324,1,13,25,P25,8:48,,8.226666667,,9:40,8.01,23.9,52,0.216666667,0.004166667,0.012860082,0.007330247
124,control,C33,3,NA,NA,NA,NA,1,NA,25,P25,8:43,8.27,8.226666667,22.8,9:36,8.11,23.1,53,0.116666667,0.002201258,,
125,control,C45,3,NA,NA,NA,NA,1,NA,25,P25,8:46,8.22,8.226666667,23.2,9:38,8.15,24.2,52,0.076666667,0.001474359,,
126,control,C65,3,NA,NA,NA,NA,1,NA,25,P25,8:49,8.19,8.226666667,23.7,9:41,8.11,23.6,52,0.116666667,0.00224359,,
127,tad,T36,3,5,22,28,1.08,1,22,28,P30,10:15,,7.58,,11:08,7.39,26.5,53,0.19,0.003584906,0.003319357,0.001892033
128,tad,T43,3,6,28,28,0.595,1,28,28,P30,10:18,,7.58,,11:11,7.25,27.4,53,0.33,0.006226415,0.010464563,0.005964801
129,tad,T71,3,9,13,27,0.959,1,13,28,P30,10:21,,7.58,,11:14,7.2,27.1,53,0.38,0.007169811,0.007476341,0.004261514
130,control,C36,3,NA,NA,NA,NA,1,NA,28,P30,10:16,7.64,7.58,26.3,11:10,7.54,26.2,54,0.04,0.000740741,,
131,control,C43,3,NA,NA,NA,NA,1,NA,28,P30,10:19,7.57,7.58,26.5,11:13,7.49,27,54,0.09,0.001666667,,
132,control,C71,3,NA,NA,NA,NA,1,NA,28,P30,10:22,7.53,7.58,26.4,11:15,7.48,26.8,53,0.1,0.001886792,,
133,tad,T38,3,5,22,27,0.74,1,22,31,P26,8:51,,6.85,,9:42,6.59,28.5,51,0.26,0.005098039,0.006889242,0.003926868
134,tad,T48,3,6,28,26,0.751,1,28,31,P26,8:55,,6.85,,9:45,6.55,29.2,50,0.3,0.006,0.007989348,0.004553928
135,tad,T68,3,9,13,26,0.464,1,13,31,P26,8:58,,6.85,,9:48,6.62,30,50,0.23,0.0046,0.009913793,0.005650862
136,control,C38,3,NA,NA,NA,NA,1,NA,31,P26,8:52,6.87,6.85,29.2,9:44,6.78,28.4,52,0.07,0.001346154,,
137,control,C48,3,NA,NA,NA,NA,1,NA,31,P26,8:55,6.85,6.85,29.3,9:47,6.76,28.9,52,0.09,0.001730769,,
138,control,C68,3,NA,NA,NA,NA,1,NA,31,P26,8:58,6.83,6.85,29.6,9:50,6.78,29.2,52,0.07,0.001346154,,
139,tad,T34,3,5,22,27,0.49,1,22,34,P28,9:07,,6.91,,9:58,6.75,31,51,0.16,0.003137255,0.006402561,0.00364946
140,tad,T41,3,6,28,27,0.425,1,28,34,P28,9:11,,6.91,,10:01,6.72,31.7,50,0.19,0.0038,0.008941176,0.00509647
141,control,C34,3,NA,NA,NA,NA,1,NA,34,P28,9:08,6.93,6.91,32.4,10:00,6.87,31.2,52,0.04,0.000769231,,
142,control,C41,3,NA,NA,NA,NA,1,NA,34,P28,9:11,6.9,6.91,32.2,10:02,6.84,31.6,51,0.07,0.001372549,,
143,control,C72,3,NA,NA,NA,NA,1,NA,34,P28,9:15,6.9,6.91,32.8,10:03,6.82,31.9,48,0.09,0.001875,,
144,tad,T2,1,1,22,30,1.047,2,13,19,P1,3:15,,9.093333333,,4:05,8.91,18.2,50,0.183333333,0.003666667,0.003502069,0.001996179
145,tad,T12,1,2,28,25,0.305,2,13,19,P1,3:19,,9.093333333,,4:08,9.02,18.3,49,0.073333333,0.001496599,0.004906881,0.002796922
146,tad,T54,1,7,13,25,0.285,2,13,19,P1,3:22,,9.093333333,,4:12,9.04,18.1,50,0.053333333,0.001066667,0.00374269,0.002133333
147,control,C2,1,NA,NA,NA,NA,2,13,19,P1,3:17,9.08,9.093333333,18,4:07,9.08,17.8,50,0.013333333,0.000266667,,
148,control,C12,1,NA,NA,NA,NA,2,13,19,P1,3:20,9.09,9.093333333,17.8,4:10,9.08,17.9,50,0.013333333,0.000266667,,
149,control,C54,1,NA,NA,NA,NA,2,13,19,P1,3:23,9.11,9.093333333,17.8,4:13,9.08,17.8,50,0.013333333,0.000266667,,
150,tad,T7,1,1,22,26,0.783,2,16,22,,4:25,,8.54,,5:16,8.55,20.3,51,-0.01,-0.000196078,,
151,tad,T11,1,2,28,26,0.36,2,16,22,,4:29,,8.54,,5:20,8.46,20.8,51,0.08,0.001568627,0.004357298,0.00248366
152,tad,T55,1,7,13,26,0.486,2,16,22,,4:32,,8.54,,5:23,8.44,20.8,51,0.1,0.001960784,0.004034536,0.002299686
153,control,C7,1,NA,NA,NA,NA,2,16,22,,4:26,8.53,8.54,20.9,5:18,8.52,20.3,52,0.02,0.000384615,,
154,control,C11,1,NA,NA,NA,NA,2,16,22,,4:30,8.55,8.54,20.9,5:22,8.52,20.8,52,0.02,0.000384615,,
155,control,C55,1,NA,NA,NA,NA,2,16,22,,4:34,8.54,8.54,21.2,5:24,8.51,20.7,50,0.03,0.0006,,
156,tad,T5,1,1,22,26,0.621,2,19,25,P25,4:36,,8.02,,5:26,7.85,23.9,50,0.17,0.0034,0.00547504,0.003120773
157,tad,T10,1,2,28,26,0.491,2,19,25,P25,4:39,,8.02,,5:28,7.87,24.4,49,0.15,0.003061224,0.006234673,0.003553764
158,tad,T52,1,7,13,26,0.987,2,19,25,P25,4:43,,8.02,,5:32,7.72,24.8,49,0.3,0.006122449,0.006203089,0.003535761
159,control,C5,1,NA,NA,NA,NA,2,19,25,P25,4:37,8.03,8.02,24.2,5:27,7.97,24,50,0.05,0.001,,
160,control,C10,1,NA,NA,NA,NA,2,19,25,P25,4:41,8.02,8.02,24.5,5:31,7.95,24.6,50,0.07,0.0014,,
161,control,C52,1,NA,NA,NA,NA,2,19,25,P25,4:44,8.01,8.02,24.6,5:34,7.92,24.7,50,0.1,0.002,,
162,tad,T8,1,1,22,27,1.185,2,22,28,P37,1:54,,7.615,,2:44,7.29,26.8,50,0.325,0.0065,0.005485232,0.003126582
163,tad,T13,1,2,28,27,1.876,2,22,28,P37,1:59,,7.615,,2:49,7.34,26.8,50,0.275,0.0055,0.00293177,0.001671109
164,tad,T56,1,7,13,27,1.122,2,22,28,P37,2:03,,7.615,,2:53,7.15,26.9,50,0.465,0.0093,0.00828877,0.004724599
165,control,C8,1,NA,NA,NA,NA,2,22,28,P37,1:56,7.62,7.615,27.1,2:47,7.51,26.8,51,0.105,0.002058824,,
166,control,C13,1,NA,NA,NA,NA,2,22,28,P37,2:00,7.61,7.615,27,2:50,7.49,27.1,50,0.125,0.0025,,
167,control,C56,1,NA,NA,NA,NA,2,22,28,P37,2:05,7.6,7.615,27.4,2:55,7.45,27.1,50,0.165,0.0033,,
168,tad,T4,1,1,22,26,1.202,2,25,19,P36,1:29,,9.133333333,,2:21,9.01,17.4,52,0.123333333,0.002371795,0.001973207,0.001124728
169,tad,T9,1,2,28,34,0.97,2,25,19,P36,1:33,,9.133333333,,2:24,9.04,17.4,51,0.093333333,0.001830065,0.001886665,0.001075399
170,tad,T49,1,7,13,26,0.663,2,25,19,P36,1:37,,9.133333333,,2:27,9.04,17.2,50,0.093333333,0.001866667,0.002815485,0.001604826
171,control,C4,1,NA,NA,NA,NA,2,25,19,P36,1:30,9.13,9.133333333,17.7,2:23,9.11,17.3,53,0.023333333,0.000440252,,
172,control,C9,1,NA,NA,NA,NA,2,25,19,P36,1:34,9.14,9.133333333,17.4,2:25,9.13,17.2,51,0.003333333,6.54E-05,,
173,control,C49,1,NA,NA,NA,NA,2,25,19,P36,1:38,9.13,9.133333333,17.5,2:28,9.14,17.3,50,-0.006666667,-0.000133333,,
174,tad,T6,1,1,22,28,1.205,2,28,22,,3:25,,8.44,,4:15,8.16,20.8,50,0.28,0.0056,0.004647303,0.002648963
175,tad,T15,1,2,28,26,0.489,2,28,22,,3:28,,8.44,,4:18,8.32,21.4,50,0.12,0.0024,0.004907975,0.002797546
176,tad,T50,1,7,13,26,0.456,2,28,22,,3:32,,8.44,,4:21,8.3,21.2,49,0.14,0.002857143,0.006265664,0.003571428
177,control,C6,1,NA,NA,NA,NA,2,28,22,,3:26,8.45,8.44,21.4,4:16,8.38,20.8,50,0.06,0.0012,,
178,control,C15,1,NA,NA,NA,NA,2,28,22,,3:29,8.44,8.44,21.4,4:19,8.35,21.3,50,0.09,0.0018,,
179,control,C50,1,NA,NA,NA,NA,2,28,22,,3:33,8.43,8.44,21.5,4:23,8.36,21.3,50,0.08,0.0016,,
180,tad,T3,1,1,22,26,0.871,2,31,25,P33,1:41,,7.946666667,,2:31,7.74,23.7,50,0.206666667,0.004133333,0.004745503,0.002704937
181,tad,T14,1,2,28,26,0.611,2,31,25,P33,1:46,,7.946666667,,2:36,7.76,24.2,50,0.186666667,0.003733333,0.006110202,0.003482815
182,tad,T53,1,7,13,27,0.937,2,31,25,P33,1:50,,7.946666667,,2:40,7.74,24.8,50,0.206666667,0.004133333,0.004411242,0.002514408
183,control,C3,1,NA,NA,NA,NA,2,31,25,P33,1:43,8,7.946666667,24.3,2:33,7.88,23.7,50,0.066666667,0.001333333,,
184,control,C14,1,NA,NA,NA,NA,2,31,25,P33,1:47,7.91,7.946666667,25,2:37,7.87,24.7,50,0.076666667,0.001533333,,
185,control,C53,1,NA,NA,NA,NA,2,31,25,P33,1:51,7.93,7.946666667,25.1,2:42,7.82,24.8,51,0.126666667,0.00248366,,
186,tad,T1,1,1,22,28,0.838,2,34,28,P2,3:02,,7.82,,3:53,7.58,25.3,51,0.24,0.004705882,0.005615611,0.003200898
187,tad,T16,1,2,28,27,0.576,2,34,28,P2,3:06,,7.82,,3:58,7.59,27,52,0.23,0.004423077,0.007678953,0.004377003
188,tad,T51,1,7,13,26,0.763,2,34,28,P2,3:10,,7.82,,4:01,7.61,27.4,51,0.21,0.004117647,0.005396654,0.003076093
189,control,C1,1,NA,NA,NA,NA,2,34,28,P2,3:03,7.85,7.82,26.9,3:56,7.72,25.6,53,0.1,0.001886792,,
190,control,C16,1,NA,NA,NA,NA,2,34,28,P2,3:07,7.8,7.82,27,3:59,7.68,26.8,52,0.14,0.002692308,,
191,control,C51,1,NA,NA,NA,NA,2,34,28,P2,3:12,7.81,7.82,26.7,4:02,7.65,26.7,50,0.17,0.0034,,
192,tad,T17,2,3,22,27,1.126,2,13,19,P1,1:04,,8.856666667,,1:58,8.68,18.9,54,0.176666667,0.003271605,0.002905511,0.001656141
193,tad,T28,2,4,28,28,0.775,2,13,19,P1,1:06,,8.856666667,,2:01,8.71,19.3,55,0.146666667,0.002666667,0.00344086,0.00196129
194,tad,T61,2,8,13,28,0.987,2,13,19,P1,1:09,,8.856666667,,2:03,8.63,19.3,54,0.226666667,0.004197531,0.004252817,0.002424106
195,control,C17,2,NA,NA,NA,NA,2,13,19,P1,1:04,8.86,8.856666667,19.7,1:59,8.8,19,55,0.056666667,0.001030303,,
196,control,C28,2,NA,NA,NA,NA,2,13,19,P1,1:07,8.86,8.856666667,19.7,2:03,8.84,19.4,56,0.016666667,0.000297619,,
197,control,C61,2,NA,NA,NA,NA,2,13,19,P1,1:10,8.85,8.856666667,19.6,2:05,8.8,19.3,55,0.056666667,0.001030303,,
198,tad,T21,2,3,22,27,0.419,2,16,22,,1:23,,8.44333,,2:15,8.34,20.4,52,0.103333333,0.001987179,0.004742672,0.002703323
199,tad,T25,2,4,28,27,0.796,2,16,22,,1:26,,8.44333,,2:18,8.3,20.9,52,0.143333333,0.00275641,0.003462827,0.001973811
200,tad,T58,2,8,13,28,0.545,2,16,22,,1:28,,8.44333,,2:20,8.33,20.6,52,0.113333333,0.002179487,0.003999059,0.002279464
201,control,C21,2,NA,NA,NA,NA,2,16,22,,1:24,8.45,8.44333,21,2:17,8.41,20.6,53,0.033333333,0.000628931,,
202,control,C25,2,NA,NA,NA,NA,2,16,22,,1:27,8.45,8.44333,21,2:19,8.4,20.8,52,0.043333333,0.000833333,,
203,control,C58,2,NA,NA,NA,NA,2,16,22,,1:29,8.43,8.44333,21.1,2:22,8.38,20.4,53,0.063333333,0.001194969,,
204,tad,T18,2,3,22,26,0.613,2,19,25,P25,1:33,,7.963333333,,2:24,7.61,26,51,0.353333333,0.006928105,0.011301965,0.00644212
205,tad,T27,2,4,28,26,0.299,2,19,25,P25,1:37,,7.963333333,,2:27,7.88,25.1,50,0.083333333,0.001666667,0.005574136,0.003177258
206,tad,T59,2,8,13,27,0.605,2,19,25,P25,1:39,,7.963333333,,2:29,7.84,25.3,50,0.123333333,0.002466667,0.004077135,0.002323967
207,control,C18,2,NA,NA,NA,NA,2,19,25,P25,1:34,7.78,7.963333333,27.4,2:25,7.72,25.9,51,0.243333333,0.004771242,,0
208,control,C27,2,NA,NA,NA,NA,2,19,25,P25,1:38,8.07,7.963333333,25.7,2:28,7.93,25.4,50,0.033333333,0.000666667,,0
209,control,C59,2,NA,NA,NA,NA,2,19,25,P25,1:40,8.04,7.963333333,25.7,2:30,7.93,25,50,0.033333333,0.000666667,,0
210,tad,T19,2,3,22,29,0.982,2,22,28,P37,11:45,,7.84,,12:36,7.59,27,51,0.25,0.004901961,0.004991813,0.002845333
211,tad,T32,2,4,28,26,0.305,2,22,28,P37,11:47,,7.84,,12:39,7.68,27.2,52,0.16,0.003076923,0.010088272,0.005750315
212,tad,T64,2,8,13,26,0.592,2,22,28,P37,11:50,,7.84,,12:42,7.57,27.1,52,0.27,0.005192308,0.00877079,0.00499935
213,control,C19,2,NA,NA,NA,NA,2,22,28,P37,11:46,7.85,7.84,27.3,12:38,7.76,26.9,52,0.08,0.001538462,,
214,control,C32,2,NA,NA,NA,NA,2,22,28,P37,11:48,7.84,7.84,27.1,12:40,7.76,27.2,52,0.08,0.001538462,,
215,control,C64,2,NA,NA,NA,NA,2,22,28,P37,11:50,7.83,7.84,26.9,12:43,7.76,26.9,53,0.08,0.001509434,,
216,tad,T23,2,3,22,28,0.945,2,25,19,P36,11:28,,9.013333333,,12:20,8.88,16.9,52,0.133333333,0.002564103,0.002713336,0.001546602
217,tad,T26,2,4,28,30,1.094,2,25,19,P36,11:31,,9.013333333,,12:22,8.9,17,51,0.113333333,0.002222222,0.002031282,0.001157831
218,tad,T60,2,8,13,26,1.262,2,25,19,P36,11:33,,9.013333333,,12:24,8.85,17,51,0.163333333,0.003202614,0.002537729,0.001446506
219,control,C23,2,NA,NA,NA,NA,2,25,19,P36,11:29,9.02,9.013333333,18.9,12:21,8.97,16.9,52,0.043333333,0.000833333,,
220,control,C26,2,NA,NA,NA,NA,2,25,19,P36,11:32,9.01,9.013333333,19,12:23,8.97,17.1,51,0.043333333,0.000849673,,
221,control,C60,2,NA,NA,NA,NA,2,25,19,P36,11:34,9.01,9.013333333,19,12:26,8.94,17.1,52,0.073333333,0.001410256,,
222,tad,T24,2,3,22,26,0.35,2,28,22,,1:14,,8.493333333,,2:07,8.48,20.3,53,0.013333333,0.000251572,0.000718778,0.000409703
223,tad,T29,2,4,28,27,0.519,2,28,22,,1:17,,8.493333333,,2:10,8.45,20.4,53,0.043333333,0.00081761,0.001575357,0.000897953
224,tad,T57,2,8,13,27,0.842,2,28,22,,1:19,,8.493333333,,2:13,8.2,20.6,54,0.293333333,0.005432099,0.006451424,0.003677312
225,control,C24,2,NA,NA,NA,NA,2,28,22,,1:15,8.58,8.493333333,21,2:08,8.52,20.3,53,-0.026666667,-0.000503145,,
226,control,C29,2,NA,NA,NA,NA,2,28,22,,1:17,8.45,8.493333333,20.9,2:11,8.41,20.5,54,0.083333333,0.00154321,,
227,control,C57,2,NA,NA,NA,NA,2,28,22,,1:20,8.45,8.493333333,21,2:14,8.38,20.6,54,0.113333333,0.002098765,,
228,tad,T22,2,3,22,27,0.583,2,31,25,P33,11:36,,8.233333333,,12:28,8.08,23.2,52,0.153333333,0.002948718,0.005057835,0.002882966
229,tad,T31,2,4,28,33,1.401,2,31,25,P33,11:39,,8.233333333,,12:30,7.94,23.5,51,0.293333333,0.005751634,0.004105378,0.002340065
230,tad,T63,2,8,13,26,0.656,2,31,25,P33,11:42,,8.233333333,,12:33,7.99,23.8,51,0.243333333,0.004771242,0.007273234,0.004145743
231,control,C22,2,NA,NA,NA,NA,2,31,25,P33,11:37,8.25,8.233333333,23.4,12:29,8.16,23.2,52,0.073333333,0.001410256,,
232,control,C31,2,NA,NA,NA,NA,2,31,25,P33,11:40,8.23,8.233333333,23.6,12:32,8.14,23.8,52,0.093333333,0.001794872,,
233,control,C63,2,NA,NA,NA,NA,2,31,25,P33,11:43,8.22,8.233333333,23.7,12:35,8.12,23.8,52,0.113333333,0.002179487,,
234,tad,T20,2,3,22,30,1.14,2,34,28,P2,12:01,,7.796666667,,12:51,7.51,26.5,50,0.286666667,0.005733333,0.00502924,0.002866667
235,tad,T30,2,4,28,26,0.567,2,34,28,P2,12:04,,7.796666667,,12:55,7.61,27.2,51,0.186666667,0.003660131,0.006455257,0.003679496
236,tad,T62,2,8,13,27,1.161,2,34,28,P2,12:07,,7.796666667,,12:58,7.32,27.9,51,0.476666667,0.009346405,0.008050306,0.004588674
237,control,C20,2,NA,NA,NA,NA,2,34,28,P2,12:02,7.82,7.796666667,27,12:53,7.74,26.9,51,0.056666667,0.001111111,,
238,control,C30,2,NA,NA,NA,NA,2,34,28,P2,12:05,7.78,7.796666667,27.2,12:57,7.71,27.3,52,0.086666667,0.001666667,,
239,control,C62,2,NA,NA,NA,NA,2,34,28,P2,12:08,7.79,7.796666667,27.3,13:00,7.7,27,52,0.096666667,0.001858974,,
240,tad,T39,3,5,22,27,0.469,2,13,19,P1,2:02,,9.016666667,,2:57,8.94,17.6,55,0.076666667,0.001393939,0.002972152,0.001694127
241,tad,T42,3,6,28,28,0.897,2,13,19,P1,2:05,,9.016666667,,3:00,8.9,18,55,0.116666667,0.002121212,0.002364785,0.001347927
242,tad,T66,3,9,13,26,0.834,2,13,19,P1,2:07,,9.016666667,,3:02,8.86,17.9,55,0.156666667,0.002848485,0.003415449,0.001946806
243,control,C39,3,NA,NA,NA,NA,2,13,19,P1,2:03,9,9.016666667,18.4,2:59,9.01,17.6,56,0.006666667,0.000119048,,
244,control,C42,3,NA,NA,NA,NA,2,13,19,P1,2:06,9.03,9.016666667,18.5,3:01,8.97,17.9,55,0.046666667,0.000848485,,
245,control,C66,3,NA,NA,NA,NA,2,13,19,P1,2:08,9.02,9.016666667,18.4,3:03,8.99,17.7,55,0.026666667,0.000484848,,
246,tad,T37,3,5,22,30,0.872,2,16,22,,2:18,,8.44,,3:12,8.22,21,54,0.22,0.004074074,0.004672103,0.002663099
247,tad,T47,3,6,28,27,0.643,2,16,22,,2:21,,8.44,,3:14,8.3,21.3,53,0.14,0.002641509,0.004108102,0.002341618
248,tad,T67,3,9,13,26,0.602,2,16,22,,2:23,,8.44,,3:16,8.31,21.3,53,0.13,0.00245283,0.004074469,0.002322447
249,control,C37,3,NA,NA,NA,NA,2,16,22,,2:19,8.45,8.44,21.7,3:13,8.4,21.1,54,0.04,0.000740741,,
250,control,C47,3,NA,NA,NA,NA,2,16,22,,2:21,8.43,8.44,21.7,3:15,8.39,21.5,54,0.05,0.000925926,,
251,control,C67,3,NA,NA,NA,NA,2,16,22,,2:24,8.44,8.44,21.6,3:18,8.4,21.1,54,0.04,0.000740741,,
252,tad,T40,3,5,22,27,0.771,2,19,25,P25,2:26,,8.126666667,,3:19,7.89,23.1,53,0.236666667,0.004465409,0.005791711,0.003301275
253,tad,T44,3,6,28,29,0.823,2,19,25,P25,2:29,,8.126666667,,3:22,7.9,23.4,53,0.226666667,0.00427673,0.005196512,0.002962012
254,tad,T70,3,9,13,27,0.393,2,19,25,P25,2:32,,8.126666667,,3:24,7.95,23.5,52,0.176666667,0.003397436,0.008644875,0.004927579
255,control,C40,3,NA,NA,NA,NA,2,19,25,P25,2:27,8.15,8.126666667,22.8,3:20,8.07,22.7,53,0.056666667,0.001069182,,
256,control,C44,3,NA,NA,NA,NA,2,19,25,P25,2:30,8.12,8.126666667,23.3,3:23,8.05,23.5,53,0.076666667,0.001446541,,
257,control,C70,3,NA,NA,NA,NA,2,19,25,P25,2:33,8.11,8.126666667,23.4,3:25,8.03,23.5,52,0.096666667,0.001858974,,
258,tad,T35,3,5,22,27,0.447,2,22,28,P37,1:00,,7.65,,1:46,7.47,27.7,46,0.18,0.003913043,0.008754012,0.004989787
259,tad,T46,3,6,28,28,0.956,2,22,28,P37,1:03,,7.65,,1:48,7.42,27.9,45,0.23,0.005111111,0.005346351,0.00304742
260,tad,T69,3,9,13,26,1.073,2,22,28,P37,1:05,,7.65,,1:51,7.3,27.8,46,0.35,0.007608696,0.007091049,0.004041898
261,control,C35,3,NA,NA,NA,NA,2,22,28,P37,1:01,7.65,7.65,27.8,1:47,7.57,27.7,46,0.08,0.00173913,,
262,control,C46,3,NA,NA,NA,NA,2,22,28,P37,1:03,7.65,7.65,27.5,1:50,7.55,27.7,47,0.1,0.00212766,,
263,control,C69,3,NA,NA,NA,NA,2,22,28,P37,1:06,7.65,7.65,27.5,1:52,7.59,27.5,46,0.06,0.001304348,,
264,tad,T33,3,5,22,30,0.892,2,25,19,P36,12:43,,9.04,,13:31,8.87,17.9,48,0.17,0.003541667,0.003970478,0.002263172
265,tad,T45,3,6,28,26,0.52,2,25,19,P36,12:46,,9.04,,13:34,8.98,18,48,0.06,0.00125,0.002403846,0.001370192
266,tad,T65,3,9,13,25,0.324,2,25,19,P36,12:48,,9.04,,13:36,8.92,18,48,0.12,0.0025,0.007716049,0.004398148
267,control,C33,3,NA,NA,NA,NA,2,25,19,P36,12:44,9.07,9.04,18.3,13:33,8.98,17.7,49,0.06,0.00122449,,
268,control,C45,3,NA,NA,NA,NA,2,25,19,P36,12:47,9.03,9.04,18.4,13:35,8.99,18.1,48,0.05,0.001041667,,
269,control,C65,3,NA,NA,NA,NA,2,25,19,P36,12:49,9.02,9.04,18.5,13:37,8.98,17.9,48,0.06,0.00125,,
270,tad,T36,3,5,22,28,1.08,2,28,22,,2:10,,8.466666667,,3:05,8.3,21,55,0.166666667,0.003030303,0.002805836,0.001599327
271,tad,T43,3,6,28,28,0.595,2,28,22,,2:13,,8.466666667,,3:07,8.27,21.5,54,0.196666667,0.003641975,0.006120967,0.003488951
272,tad,T71,3,9,13,27,0.959,2,28,22,,2:16,,8.466666667,,3:09,8.16,21.4,53,0.306666667,0.005786164,0.006033539,0.003439117
273,control,C36,3,NA,NA,NA,NA,2,28,22,,2:11,8.48,8.466666667,21.5,3:06,8.43,21,55,0.036666667,0.000666667,,
274,control,C43,3,NA,NA,NA,NA,2,28,22,,2:14,8.47,8.466666667,21.6,3:08,8.38,21.4,54,0.086666667,0.001604938,,
275,control,C71,3,NA,NA,NA,NA,2,28,22,,2:17,8.45,8.466666667,21.7,3:11,8.41,21.3,54,0.056666667,0.001049383,,
276,tad,T38,3,5,22,27,0.74,2,31,25,P33,12:52,,8.033333333,,13:38,7.85,23.5,46,0.183333333,0.003985507,0.005385821,0.003069918
277,tad,T48,3,6,28,26,0.751,2,31,25,P33,12:55,,8.033333333,,13:41,7.81,24.2,46,0.223333333,0.004855072,0.00646481,0.003684942
278,tad,T68,3,9,13,26,0.464,2,31,25,P33,12:58,,8.033333333,,13:44,7.84,25,46,0.193333333,0.004202899,0.009057971,0.005163043
279,control,C38,3,NA,NA,NA,NA,2,31,25,P33,12:53,8.02,8.033333333,23.9,13:39,7.96,23.6,46,0.073333333,0.001594203,,
280,control,C48,3,NA,NA,NA,NA,2,31,25,P33,12:56,8.05,8.033333333,23.9,13:42,7.96,24.1,46,0.073333333,0.001594203,,
281,control,C68,3,NA,NA,NA,NA,2,31,25,P33,12:59,8.03,8.033333333,24.3,13:45,7.95,24.5,46,0.083333333,0.001811594,,
282,tad,T34,3,5,22,27,0.49,2,34,28,P2,1:08,,7.636666667,,1:54,7.51,26,46,0.126666667,0.002753623,0.005619639,0.003203194
283,tad,T41,3,6,28,27,0.425,2,34,28,P2,1:11,,7.636666667,,1:56,7.47,27.1,45,0.166666667,0.003703704,0.008714597,0.00496732
284,control,C34,3,NA,NA,NA,NA,2,34,28,P2,1:09,7.65,7.636666667,27.1,1:55,7.6,25.8,46,0.036666667,0.000797101,,
285,control,C41,3,NA,NA,NA,NA,2,34,28,P2,1:12,7.63,7.636666667,27,1:58,7.57,27,46,0.066666667,0.001449275,,
286,control,C72,3,NA,NA,NA,NA,2,34,28,P2,1:13,7.63,7.636666667,26.7,1:59,7.57,26.7,46,0.066666667,0.001449275,,
287,tad,T2,1,1,22,30,1.047,3,19,25,P33,7:01,,7.89,,7:48,7.66,24.2,47,0.23,0.004893617,0.004673942,0.002664147
288,tad,T12,1,2,28,25,0.305,3,19,25,P33,7:04,,7.89,,7:50,7.76,24.8,46,0.13,0.002826087,0.009265859,0.00528154
289,tad,T54,1,7,13,25,0.285,3,19,25,P33,7:07,,7.89,,7:53,7.77,24.8,46,0.12,0.002608696,0.009153318,0.005217391
290,control,C2,1,NA,NA,NA,NA,3,19,25,P33,7:02,7.89,7.89,24.7,7:49,7.84,24.2,47,0.05,0.00106383,,
291,control,C12,1,NA,NA,NA,NA,3,19,25,P33,7:05,7.9,7.89,25.2,7:52,7.83,24.9,47,0.06,0.001276596,,
292,control,C54,1,NA,NA,NA,NA,3,19,25,P33,7:08,7.88,7.89,25.2,7:54,7.8,25,46,0.09,0.001956522,,
293,tad,T7,1,1,22,26,0.783,3,22,28,,8:03,,7.446666667,,8:51,7.33,27.4,48,0.116666667,0.002430556,0.003104158,0.00176937
294,tad,T11,1,2,28,26,0.36,3,22,28,,8:07,,7.446666667,,8:54,7.26,28.1,47,0.186666667,0.003971631,0.011032309,0.006288416
295,tad,T55,1,7,13,26,0.486,3,22,28,,8:09,,7.446666667,,8:57,7.23,28.1,48,0.216666667,0.004513889,0.009287837,0.005294067
296,control,C7,1,NA,NA,NA,NA,3,22,28,,8:04,7.48,7.446666667,28,8:53,7.4,27,49,0.046666667,0.000952381,,
297,control,C11,1,NA,NA,NA,NA,3,22,28,,8:07,7.45,7.446666667,28.4,8:56,7.36,28.2,49,0.086666667,0.001768707,,
298,control,C55,1,NA,NA,NA,NA,3,22,28,,8:10,7.41,7.446666667,28.6,8:58,7.33,28.2,48,0.116666667,0.002430556,,
299,tad,T5,1,1,22,26,0.621,3,25,31,,8:12,,6.96,,8:59,6.77,28.7,47,0.19,0.004042553,0.006509747,0.003710556
300,tad,T10,1,2,28,26,0.491,3,25,31,,8:15,,6.96,,9:02,6.77,28.8,47,0.19,0.004042553,0.008233306,0.004692984
301,tad,T52,1,7,13,26,0.987,3,25,31,,8:20,,6.96,,9:04,6.63,29.2,44,0.33,0.0075,0.007598784,0.004331307
302,control,C5,1,NA,NA,NA,NA,3,25,31,,8:13,6.96,6.96,29.2,9:00,6.87,28.2,47,0.09,0.001914894,,
303,control,C10,1,NA,NA,NA,NA,3,25,31,,8:18,6.96,6.96,29.2,9:03,6.88,28.7,45,0.08,0.001777778,,
304,control,C52,1,NA,NA,NA,NA,3,25,31,,8:21,6.96,6.96,29,9:05,6.87,28.8,44,0.09,0.002045455,,
305,tad,T8,1,1,22,27,1.185,3,28,34,,5:55,,6.793333333,,6:43,6.42,31.9,48,0.373333333,0.007777778,0.006563526,0.00374121
306,tad,T13,1,2,28,27,1.876,3,28,34,,5:58,,6.793333333,,6:47,6.45,33.4,49,0.343333333,0.007006803,0.003734969,0.002128932
307,tad,T56,1,7,13,27,1.122,3,28,34,,6:01,,6.793333333,,6:50,6.2,33.4,49,0.593333333,0.012108844,0.010792196,0.006151552
308,control,C8,1,NA,NA,NA,NA,3,28,34,,5:56,6.84,6.793333333,32.9,6:46,6.47,32,50,0.323333333,0.006466667,,
309,control,C13,1,NA,NA,NA,NA,3,28,34,,5:59,6.78,6.793333333,33.9,6:49,6.67,33,50,0.123333333,0.002466667,,
310,control,C56,1,NA,NA,NA,NA,3,28,34,,6:02,6.76,6.793333333,34.4,6:52,6.62,33.5,50,0.173333333,0.003466667,,
311,tad,T4,1,1,22,26,1.202,3,19,13,,5:37,,10.55333333,,6:27,10.42,11.8,50,0.133333333,0.002666667,0.002218525,0.001264559
312,tad,T9,1,2,28,34,0.97,3,19,13,,5:41,,10.55333333,,6:30,10.52,11.7,49,0.033333333,0.000680272,0.000701311,0.000399747
313,tad,T49,1,7,13,26,0.663,3,19,13,,5:43,,10.55333333,,6:33,10.48,11.6,50,0.073333333,0.001466667,0.002212167,0.001260935
314,control,C4,1,NA,NA,NA,NA,3,19,13,,5:38,10.51,10.55333333,11.6,6:29,10.53,11.8,51,0.023333333,0.000457516,,
315,control,C9,1,NA,NA,NA,NA,3,19,13,,5:42,10.57,10.55333333,11.5,6:31,10.56,11.7,49,-0.006666667,-0.000136054,,
316,control,C49,1,NA,NA,NA,NA,3,19,13,,5:44,10.58,10.55333333,11.5,6:34,10.53,11.6,50,0.023333333,0.000466667,,
317,tad,T6,1,1,22,28,1.205,3,22,16,P31,7:12,,9.23,,7:55,9.02,15.9,43,0.21,0.004883721,0.00405288,0.002310142
318,tad,T15,1,2,28,26,0.489,3,22,16,P31,7:15,,9.23,,7:58,9.18,15.8,43,0.05,0.001162791,0.002377895,0.0013554
319,tad,T50,1,7,13,26,0.456,3,22,16,P31,7:17,,9.23,,8:00,9.19,15.5,43,0.04,0.000930233,0.002039984,0.001162791
320,control,C6,1,NA,NA,NA,NA,3,22,16,P31,7:13,9.22,9.23,16.3,7:57,9.19,15.7,44,0.04,0.000909091,,
321,control,C15,1,NA,NA,NA,NA,3,22,16,P31,7:16,9.23,9.23,16.2,7:59,9.22,15.7,43,0.01,0.000232558,,
322,control,C50,1,NA,NA,NA,NA,3,22,16,P31,7:18,9.24,9.23,16.1,8:01,9.23,15.5,43,0,0,,
323,tad,T3,1,1,22,26,0.871,3,25,19,,5:46,,9.1,,6:35,8.99,17.7,49,0.11,0.002244898,0.00257738,0.001469107
324,tad,T14,1,2,28,26,0.611,3,25,19,,5:49,,9.1,,6:38,9,17.7,49,0.1,0.002040816,0.003340125,0.001903871
325,tad,T53,1,7,13,27,0.937,3,25,19,,5:52,,9.1,,6:40,9,17.5,48,0.1,0.002083333,0.002223408,0.001267343
326,control,C3,1,NA,NA,NA,NA,3,25,19,,5:47,9.14,9.1,17.9,6:37,9.06,17.6,50,0.04,0.0008,,
327,control,C14,1,NA,NA,NA,NA,3,25,19,,5:50,9.09,9.1,17.8,6:39,9.06,17.7,49,0.04,0.000816327,,
328,control,C53,1,NA,NA,NA,NA,3,25,19,,5:53,9.07,9.1,17.6,6:41,9.05,17.5,48,0.05,0.001041667,,
329,tad,T1,1,1,22,28,0.838,3,28,22,P3,6:54,,8.453333333,,7:41,8.35,21.1,47,0.103333333,0.002198582,0.002623606,0.001495455
330,tad,T16,1,2,28,27,0.576,3,28,22,P3,6:56,,8.453333333,,7:44,8.36,21.6,48,0.093333333,0.001944444,0.003375772,0.00192419
331,tad,T51,,,,,,,,,,,,,,,,,0,0,,,
332,control,C1,1,NA,NA,NA,NA,3,28,22,P3,6:55,8.44,8.453333333,21.4,7:43,8.43,21.1,48,0.023333333,0.000486111,,
333,control,C16,1,NA,NA,NA,NA,3,28,22,P3,6:57,8.46,8.453333333,21.5,7:45,8.42,21.6,48,0.033333333,0.000694444,,
334,control,C51,1,NA,NA,NA,NA,3,28,22,P3,6:59,8.46,8.453333333,21.4,7:47,8.41,21.3,48,0.043333333,0.000902778,,
335,tad,T17,2,3,22,27,1.126,3,19,25,P33,5:06,,8.143333333,,5:57,7.92,23.2,51,0.223333333,0.004379085,0.003889063,0.002216766
336,tad,T28,2,4,28,28,0.775,3,19,25,P33,5:08,,8.143333333,,5:59,7.92,24.2,51,0.223333333,0.004379085,0.005650432,0.003220746
337,tad,T61,2,8,13,28,0.987,3,19,25,P33,5:10,,8.143333333,,6:02,7.79,24.2,52,0.353333333,0.006794872,0.006884369,0.00392409
338,control,C17,2,NA,NA,NA,NA,3,19,25,P33,5:07,8.15,8.143333333,23.3,5:58,8.05,23.4,51,0.093333333,0.001830065,,
339,control,C28,2,NA,NA,NA,NA,3,19,25,P33,5:09,8.19,8.143333333,23.5,6:01,8.1,24.2,52,0.043333333,0.000833333,,
340,control,C61,2,NA,NA,NA,NA,3,19,25,P33,5:11,8.09,8.143333333,23.9,6:03,8.02,24.2,52,0.123333333,0.002371795,,
341,tad,T21,2,3,22,27,0.419,3,22,28,,5:22,,7.813333333,,6:11,7.73,26,49,0.083333333,0.00170068,0.004058903,0.002313575
342,tad,T25,2,4,28,27,0.796,3,22,28,,5:25,,7.813333333,,6:15,7.6,27,50,0.213333333,0.004266667,0.005360134,0.003055276
343,tad,T58,2,8,13,28,0.545,3,22,28,,5:28,,7.813333333,,6:18,7.62,27.1,50,0.193333333,0.003866667,0.007094801,0.004044037
344,control,C21,2,NA,NA,NA,NA,3,22,28,,5:23,7.82,7.813333333,27.6,6:14,7.72,26.3,51,0.093333333,0.001830065,,
345,control,C25,2,NA,NA,NA,NA,3,22,28,,5:26,7.82,7.813333333,27.4,6:17,7.75,27,51,0.063333333,0.00124183,,
346,control,C58,2,NA,NA,NA,NA,3,22,28,,5:28,7.8,7.813333333,27.2,6:19,7.72,27,51,0.093333333,0.001830065,,
347,tad,T18,2,3,22,26,0.613,3,25,31,,5:30,,6.96,,6:21,6.76,29.1,51,0.2,0.003921569,0.006397339,0.003646483
348,tad,T27,2,4,28,26,0.299,3,25,31,,5:33,,6.96,,6:23,6.77,29.6,50,0.19,0.0038,0.01270903,0.007244147
349,tad,T59,2,8,13,27,0.605,3,25,31,,5:36,,6.96,,6:27,6.71,29.9,51,0.25,0.004901961,0.008102415,0.004618377
350,control,C18,2,NA,NA,NA,NA,3,25,31,,5:31,6.97,6.96,29.7,6:22,6.88,28.8,51,0.08,0.001568627,,
351,control,C27,2,NA,NA,NA,NA,3,25,31,,5:33,6.97,6.96,29.7,6:25,6.87,29,52,0.09,0.001730769,,
352,control,C59,2,NA,NA,NA,NA,3,25,31,,5:37,6.94,6.96,29.9,6:28,6.86,29.3,51,0.1,0.001960784,,
353,tad,T19,2,3,22,29,0.982,3,28,34,,3:52,,7.266666667,,4:41,7,31,49,0.266666667,0.005442177,0.005541932,0.003158901
354,tad,T32,2,4,28,26,0.305,3,28,34,,3:55,,7.266666667,,4:44,7.02,32.6,49,0.246666667,0.005034014,0.016504963,0.009407829
355,tad,T64,2,8,13,26,0.592,3,28,34,,3:58,,7.266666667,,4:47,6.9,32.6,49,0.366666667,0.007482993,0.012640191,0.007204909
356,control,C19,2,NA,NA,NA,NA,3,28,34,,3:53,7.34,7.266666667,31.7,4:43,7.19,31.2,50,0.076666667,0.001533333,,
357,control,C32,2,NA,NA,NA,NA,3,28,34,,3:56,7.26,7.266666667,32.7,4:45,7.11,32.3,49,0.156666667,0.003197279,,
358,control,C64,2,NA,NA,NA,NA,3,28,34,,3:59,7.2,7.266666667,33.1,4:48,7.06,32.3,49,0.206666667,0.004217687,,
359,tad,T23,2,3,22,28,0.945,3,19,13,,3:32,,10.27,,4:24,10.16,12.6,52,0.11,0.002115385,0.002238502,0.001275946
360,tad,T26,2,4,28,30,1.094,3,19,13,,3:36,,10.27,,4:28,10.22,12.5,52,0.05,0.000961538,0.00087892,0.000500984
361,tad,T60,2,8,13,26,1.262,3,19,13,,3:39,,10.27,,4:31,10.2,12.4,52,0.07,0.001346154,0.001066683,0.000608009
362,control,C23,2,NA,NA,NA,NA,3,19,13,,3:33,10.24,10.27,12.7,4:26,10.26,12.6,53,0.01,0.000188679,,
363,control,C26,2,NA,NA,NA,NA,3,19,13,,3:37,10.29,10.27,12.7,4:30,10.26,12.5,53,0.01,0.000188679,,
364,control,C60,2,NA,NA,NA,NA,3,19,13,,3:39,10.28,10.27,12.6,4:33,10.26,12.4,54,0.01,0.000185185,,
365,tad,T24,2,3,22,26,0.35,3,22,16,P31,5:13,,9.8,,6:05,9.69,14.8,52,0.11,0.002115385,0.006043956,0.003445055
366,tad,T29,2,4,28,27,0.519,3,22,16,P31,5:16,,9.8,,6:07,9.74,14.8,51,0.06,0.001176471,0.002266803,0.001292078
367,tad,T57,2,8,13,27,0.842,3,22,16,P31,5:19,,9.8,,6:09,9.68,14.9,50,0.12,0.0024,0.002850356,0.001624703
368,control,C24,2,NA,NA,NA,NA,3,22,16,P31,5:14,9.78,9.8,14.8,6:06,9.75,14.7,52,0.05,0.000961538,,
369,control,C29,2,NA,NA,NA,NA,3,22,16,P31,5:17,9.82,9.8,14.7,6:08,9.77,14.8,51,0.03,0.000588235,,
370,control,C57,2,NA,NA,NA,NA,3,22,16,P31,5:20,9.8,9.8,14.7,6:10,9.79,14.7,50,0.01,0.0002,,
371,tad,T22,2,3,22,27,0.583,3,25,19,,3:42,,9.15,,4:34,9.008,17.6,52,0.142,0.002730769,0.004683995,0.002669877
372,tad,T31,2,4,28,33,1.401,3,25,19,,3:45,,9.15,,4:36,9,17.8,51,0.15,0.002941176,0.002099341,0.001196624
373,tad,T63,2,8,13,26,0.656,3,25,19,,3:48,,9.15,,4:39,8.99,17.6,51,0.16,0.003137255,0.004782401,0.002725969
374,control,C22,2,NA,NA,NA,NA,3,25,19,,3:43,9.19,9.15,18.1,4:35,9.1,17.5,52,0.05,0.000961538,,
375,control,C31,2,NA,NA,NA,NA,3,25,19,,3:46,9.13,9.15,18.3,4:38,9.09,17.8,52,0.06,0.001153846,,
376,control,C63,2,NA,NA,NA,NA,3,25,19,,3:48,9.13,9.15,17.9,4:40,9.09,17.5,52,0.06,0.001153846,,
377,tad,T20,2,3,22,30,1.14,3,28,22,P3,4:05,,8.873333333,,4:55,8.64,20.7,50,0.233333333,0.004666667,0.004093567,0.002333333
378,tad,T30,2,4,28,26,0.567,3,28,22,P3,4:08,,8.873333333,,4:58,8.78,21,50,0.093333333,0.001866667,0.003292181,0.001876543
379,tad,T62,2,8,13,27,1.161,3,28,22,P3,4:11,,8.873333333,,5:01,8.58,21,50,0.293333333,0.005866667,0.005053115,0.002880276
380,control,C20,2,NA,NA,NA,NA,3,28,22,P3,4:06,8.87,8.873333333,21.2,4:57,8.81,20.7,51,0.063333333,0.00124183,,
381,control,C30,2,NA,NA,NA,NA,3,28,22,P3,4:09,8.87,8.873333333,21.1,5:00,8.82,21,51,0.053333333,0.001045752,,
382,control,C62,2,NA,NA,NA,NA,3,28,22,P3,4:12,8.88,8.873333333,21.1,5:02,8.82,20.8,50,0.053333333,0.001066667,,
383,tad,T39,3,5,22,27,0.469,3,19,25,P33,6:05,,8.08,,6:56,7.91,24.4,51,0.17,0.003333333,0.007107321,0.004051173
384,tad,T42,3,6,28,28,0.897,3,19,25,P33,6:08,,8.08,,6:59,7.82,24.9,51,0.26,0.005098039,0.005683433,0.003239557
385,tad,T66,3,9,13,26,0.834,3,19,25,P33,6:10,,8.08,,7:01,7.84,24.9,51,0.24,0.004705882,0.005642545,0.003216251
386,control,C39,3,NA,NA,NA,NA,3,19,25,P33,6:06,8.1,8.08,24.6,6:58,8.02,24.1,52,0.06,0.001153846,,
387,control,C42,3,NA,NA,NA,NA,3,19,25,P33,6:08,8.08,8.08,24.7,7:00,8.01,24.7,52,0.07,0.001346154,,
388,control,C66,3,NA,NA,NA,NA,3,19,25,P33,6:12,8.06,8.08,24.8,7:02,7.99,25.1,50,0.09,0.0018,,
389,tad,T37,3,5,22,30,0.872,3,22,28,,6:22,,7.553333333,,7:11,7.15,27.4,49,0.403333333,0.008231293,0.009439556,0.005380547
390,tad,T47,3,6,28,27,0.643,3,22,28,,6:25,,7.553333333,,7:15,7.31,27.9,50,0.243333333,0.004866667,0.007568688,0.004314152
391,tad,T67,3,9,13,26,0.602,3,22,28,,6:27,,7.553333333,,7:18,7.31,27.7,51,0.243333333,0.004771242,0.007925651,0.004517621
392,control,C37,3,NA,NA,NA,NA,3,22,28,,6:22,7.58,7.553333333,27.9,7:14,7.42,27.8,52,0.133333333,0.002564103,,
393,control,C47,3,NA,NA,NA,NA,3,22,28,,6:25,7.54,7.553333333,27.6,7:16,7.46,27.9,51,0.093333333,0.001830065,,
394,control,C67,3,NA,NA,NA,NA,3,22,28,,6:28,7.54,7.553333333,27.4,7:19,7.47,27.8,51,0.083333333,0.001633987,,
395,tad,T40,3,5,22,27,0.771,3,25,31,,6:30,,6.9,,7:20,6.54,29.1,50,0.36,0.0072,0.009338521,0.005322957
396,tad,T44,3,6,28,29,0.823,3,25,31,,6:33,,6.9,,7:23,6.52,29.7,50,0.38,0.0076,0.009234508,0.00526367
397,tad,T70,3,9,13,27,0.393,3,25,31,,6:36,,6.9,,7:26,6.61,30.1,50,0.29,0.0058,0.01475827,0.008412214
398,control,C40,3,NA,NA,NA,NA,3,25,31,,6:31,6.91,6.9,30.1,7:22,6.76,28.9,51,0.14,0.002745098,,
399,control,C44,3,NA,NA,NA,NA,3,25,31,,6:34,6.9,6.9,30,7:25,6.76,29.6,51,0.14,0.002745098,,
400,control,C70,3,NA,NA,NA,NA,3,25,31,,6:37,6.89,6.9,30,7:27,6.76,29.4,50,0.14,0.0028,,
401,tad,T35,3,5,22,27,0.447,3,28,34,,4:46,,6.726666667,,5:42,6.52,30.6,56,0.206666667,0.003690476,0.008256099,0.004705976
402,tad,T46,3,6,28,28,0.956,3,28,34,,4:49,,6.726666667,,5:46,6.36,31.7,57,0.366666667,0.006432749,0.006728816,0.003835425
403,tad,T69,3,9,13,26,1.073,3,28,34,,4:52,,6.726666667,,5:49,6.25,31.8,57,0.476666667,0.008362573,0.007793638,0.004442374
404,control,C35,3,NA,NA,NA,NA,3,28,34,,4:46,6.76,6.726666667,33.1,5:44,6.61,30.8,58,0.116666667,0.002011494,,
405,control,C46,3,NA,NA,NA,NA,3,28,34,,4:50,6.72,6.726666667,33.3,5:47,6.61,31.6,57,0.116666667,0.002046784,,
406,control,C69,3,NA,NA,NA,NA,3,28,34,,4:53,6.7,6.726666667,33.6,5:51,6.56,31.9,58,0.166666667,0.002873563,,
407,tad,T33,3,5,22,30,0.892,3,19,13,,4:29,,10.51333333,,5:26,10.33,12.1,57,0.183333333,0.003216374,0.003605801,0.002055307
408,tad,T45,3,6,28,26,0.52,3,19,13,,4:31,,10.51333333,,5:29,10.42,11.9,58,0.093333333,0.001609195,0.003094607,0.001763926
409,tad,T65,3,9,13,25,0.324,3,19,13,,4:34,,10.51333333,,5:31,10.43,11.9,57,0.083333333,0.001461988,0.00451231,0.002572017
410,control,C33,3,NA,NA,NA,NA,3,19,13,,4:30,10.51,10.51333333,11.7,5:28,10.46,12,58,0.053333333,0.00091954,,
411,control,C45,3,NA,NA,NA,NA,3,19,13,,4:32,10.51,10.51333333,11.7,5:30,10.46,12,58,0.053333333,0.00091954,,
412,control,C65,3,NA,NA,NA,NA,3,19,13,,4:34,10.52,10.51333333,11.6,5:32,10.47,11.9,58,0.043333333,0.000747126,,
413,tad,T36,3,5,22,28,1.08,3,22,16,P31,6:14,,9.34,,7:04,9.2,15.7,50,0.14,0.0028,0.002592593,0.001477778
414,tad,T43,3,6,28,28,0.595,3,22,16,P31,6:17,,9.34,,7:06,9.22,15.7,49,0.12,0.00244898,0.004115932,0.002346081
415,tad,T71,3,9,13,27,0.959,3,22,16,P31,6:19,,9.34,,7:09,9.17,15.6,50,0.17,0.0034,0.00354536,0.002020855
416,control,C36,3,NA,NA,NA,NA,3,22,16,P31,6:15,9.32,9.34,16.2,7:05,9.31,15.5,50,0.03,0.0006,,
417,control,C43,3,NA,NA,NA,NA,3,22,16,P31,6:17,9.35,9.34,16.2,7:07,9.3,15.6,50,0.04,0.0008,,
418,control,C71,3,NA,NA,NA,NA,3,22,16,P31,6:20,9.35,9.34,16.1,7:10,9.32,15.6,50,0.02,0.0004,,
419,tad,T38,3,5,22,27,0.74,3,25,19,,4:37,,9.01,,5:34,8.9,17.9,57,0.11,0.001929825,0.002607871,0.001486486
420,tad,T48,3,6,28,26,0.751,3,25,19,,4:40,,9.01,,5:37,8.86,17.9,57,0.15,0.002631579,0.0035041,0.001997337
421,tad,T68,3,9,13,26,0.464,3,25,19,,4:43,,9.01,,5:39,8.87,18.2,56,0.14,0.0025,0.005387931,0.003071121
422,control,C38,3,NA,NA,NA,NA,3,25,19,,4:37,9.05,9.01,18.4,5:35,8.96,17.7,58,0.05,0.000862069,,
423,control,C48,3,NA,NA,NA,NA,3,25,19,,4:41,9.01,9.01,18.2,5:38,8.95,18,57,0.06,0.001052632,,
424,control,C68,3,NA,NA,NA,NA,3,25,19,,4:44,8.97,9.01,18.7,5:40,8.93,18.3,56,0.08,0.001428571,,
425,tad,T34,3,5,22,27,0.49,3,28,22,P3,4:56,,8.57,,5:53,8.41,20.1,57,0.16,0.002807018,0.005728607,0.003265306
426,tad,T41,3,6,28,27,0.425,3,28,22,P3,4:58,,8.57,,5:55,8.41,20.9,57,0.16,0.002807018,0.006604747,0.003764706
427,control,C34,3,NA,NA,NA,NA,3,28,22,P3,4:57,8.55,8.57,21.4,5:54,8.51,19.8,57,0.06,0.001052632,,
428,control,C41,3,NA,NA,NA,NA,3,28,22,P3,4:59,8.58,8.57,21.2,5:57,8.52,20.8,58,0.05,0.000862069,,
429,control,C72,3,NA,NA,NA,NA,3,28,22,P3,5:00,8.58,8.57,21,5:58,8.5,22.1,58,0.07,0.001206897,,
